City_ID,City,Lat,Lng,Max Temp,Humidity,Cloudiness,Wind Speed,Country,Date
0,puerto baquerizo moreno,-0.9,-89.6,27.55,69,40,7.2,EC,1749490378
1,sitka,57.0531,-135.33,8.94,81,100,1.54,US,1749490380
2,waitangi,-43.9535,-176.5597,10.7,65,96,13.71,NZ,1749490381
3,ushuaia,-54.8,-68.3,8.81,71,0,1.03,AR,1749490382
4,haiku-pauwela,20.9219,-156.3051,24.57,78,22,6.26,US,1749490383
5,port-aux-francais,-49.35,70.2167,2.47,64,22,18.24,TF,1749490384
6,brookings,44.3114,-96.7984,13.58,71,100,7.2,US,1749490386
7,hoeryong,42.4428,129.7508,12.22,90,96,0.93,KP,1749490387
8,puerto natales,-51.7236,-72.4875,4.71,82,93,0.75,CL,1749490389
9,brisas de zicatela,15.8369,-97.0419,30.29,70,0,3.6,MX,1749490390
10,carolina beach,34.0352,-77.8936,33.41,64,67,6.99,US,1749490330
11,invercargill,-46.4,168.35,-0.55,98,17,0.45,NZ,1749490392
12,dunedin,-45.8742,170.5036,6.27,84,91,1.85,NZ,1749490393
13,blackmans bay,-43.0167,147.3167,8.18,94,91,0.45,AU,1749490394
14,lebu,-37.6167,-73.65,13.15,61,73,3.51,CL,1749490395
15,rikaze,29.25,88.8833,15.7,13,21,3.3,CN,1749490171
16,shimoda,34.6667,138.95,19.5,96,100,4.6,JP,1749490398
17,ilulissat,69.2167,-51.1,12.01,28,0,7.2,GL,1749490234
18,mitu,1.1983,-70.1733,26.59,89,51,0.96,CO,1749490400
19,edinburgh of the seven seas,-37.0676,-12.3116,15.64,96,99,6.46,SH,1749490401
20,coquimbo,-29.9533,-71.3436,18.32,64,0,6.17,CL,1749490402
21,hammerfest,70.6634,23.6821,8.25,71,75,4.12,NO,1749490403
22,ernee,48.2976,-0.9314,20.19,54,7,1.8,FR,1749490404
23,punta arenas,-53.15,-70.9167,4.06,100,100,3.6,CL,1749490405
24,ji'an,27.1172,114.9793,24.86,92,97,0.85,CN,1749490407
25,saipan,15.1355,145.701,27.58,86,40,3.6,MP,1749490408
26,ciudad lazaro cardenas,17.9583,-102.2,31.49,58,100,3.47,MX,1749490228
27,albany,42.6001,-73.9662,17.09,94,95,0.89,US,1749490410
28,enewetak,11.3474,162.3373,27.76,77,49,5.11,MH,1749490412
29,adamstown,-25.066,-130.1015,20.45,66,81,3.66,PN,1749490413
30,znamenskoye,57.1281,73.8282,13.44,92,19,2.5,RU,1749490414
31,chonchi,-42.6128,-73.8092,11.18,65,79,1.39,CL,1749490415
32,okhotsk,59.3833,143.3,6.01,86,73,0.79,RU,1749490416
33,talnakh,69.4865,88.3972,8.13,85,67,2.13,RU,1749490419
34,dudinka,69.4058,86.1778,10.93,85,92,1.01,RU,1749490420
35,hamilton,39.1834,-84.5333,22.17,85,100,6.17,US,1749490421
36,ribeira grande,38.5167,-28.7,23.22,64,40,7.2,PT,1749490422
37,balsas,-7.5325,-46.0356,36.57,23,12,2.34,BR,1749490423
38,santa cruz de tenerife,28.4682,-16.2546,23.78,70,40,10.8,ES,1749490325
39,kavaratti,10.5669,72.642,28.82,77,100,7.27,IN,1749490425
40,arvin,35.2091,-118.8284,33.3,50,0,1.79,US,1749490427
41,hadibu,12.65,54.0333,27.83,78,76,5.9,YE,1749490428
42,thompson,55.7435,-97.8558,7.09,93,100,4.12,CA,1749490429
43,port elizabeth,-33.918,25.5701,14.62,99,75,3.09,ZA,1749490430
44,mormugao,15.4,73.8,26.59,89,40,1.54,IN,1749490431
45,sinabang,2.4803,96.3801,25.44,89,100,3.49,ID,1749490432
46,saint-joseph,-21.3667,55.6167,20.21,76,12,6.74,RE,1749490433
47,nuku'alofa,-21.1333,-175.2,19.19,94,75,1.03,TO,1749490434
48,ban dan lan hoi,17.0068,99.575,25.57,91,100,1.69,TH,1749490436
49,iqaluit,63.7506,-68.5145,6.85,61,20,7.2,CA,1749490437
50,grytviken,-54.2811,-36.5092,-1.26,73,36,5.01,GS,1749490438
51,atafu village,-8.5421,-172.5159,28.29,78,32,6.49,TK,1749490439
52,kapa'a,22.0752,-159.319,24.18,95,100,6.69,US,1749490440
53,port mathurin,-19.6833,63.4167,23.9,67,80,13.29,MU,1749490441
54,holmsund,63.706,20.3641,13.97,50,0,3.13,SE,1749490442
55,caleta de carquin,-11.0925,-77.6267,20.42,73,93,4.94,PE,1749490443
56,bilibino,68.0546,166.4372,0.92,94,100,1.44,RU,1749490444
57,namibe,-15.1961,12.1522,19.84,71,0,3.63,AO,1749490446
58,chibougamau,49.9168,-74.3659,21.79,53,75,5.66,CA,1749490447
59,klaksvik,62.2266,-6.589,10.86,76,100,5.56,FO,1749490448
60,vilyuysk,63.7553,121.6247,12.21,57,7,1.27,RU,1749490449
61,bredasdorp,-34.5322,20.0403,10.77,81,48,1.49,ZA,1749490450
62,akureyri,65.6835,-18.0878,8.96,46,75,4.12,IS,1749490451
63,san patricio,28.017,-97.5169,33.97,63,71,8.41,US,1749490452
64,mermoz boabab,14.7065,-17.4758,26.88,79,0,6.17,SN,1749490453
65,tournus,46.5676,4.9057,21.15,70,3,1.97,FR,1749490456
66,mudhol,16.35,75.2833,24.02,75,71,5.39,IN,1749490457
67,yellowknife,62.456,-114.3525,11.9,81,100,2.06,CA,1749490336
68,nemuro,43.3236,145.575,10.88,91,1,6.54,JP,1749490459
69,pratt,37.6439,-98.7376,26.12,29,0,4.12,US,1749490460
70,tiksi,71.6872,128.8694,5.8,82,99,1.03,RU,1749490461
71,newman,37.3138,-121.0208,20.88,50,1,1.21,US,1749490223
72,vila velha,-20.3297,-40.2925,24.97,73,20,7.2,BR,1749490464
73,ugoofaaru,5.6667,73.0,28.81,78,97,7.46,MV,1749490465
74,dasoguz,41.8363,59.9666,18.97,72,100,2.06,TM,1749490466
75,sukuta,13.4103,-16.7082,29.01,65,0,5.14,GM,1749490467
76,villa gesell,-37.2639,-56.973,10.53,57,2,2.08,AR,1749490468
77,tolanaro,-25.0319,46.9987,24.04,73,20,9.26,MG,1749490469
78,bethel,41.3712,-73.414,18.7,87,100,3.09,US,1749490470
79,nar'yan-mar,67.6713,53.087,12.87,90,96,5.21,RU,1749490311
80,jayapura,-2.5333,140.7,23.66,90,89,1.37,ID,1749490473
81,sao pedro do sul,-29.6206,-54.1789,14.43,65,25,2.64,BR,1749490474
82,kilinochchi,9.3961,80.3982,27.27,79,100,4.86,LK,1749490475
83,west island,-12.1568,96.8225,24.99,100,75,6.69,CC,1749490476
84,mugia,43.1041,-9.2179,19.95,81,55,10.74,ES,1749490477
85,sosnovka,56.255,51.2842,20.69,91,25,2.81,RU,1749490478
86,stanley,54.868,-1.6985,12.5,83,20,3.09,GB,1749490480
87,fortuna,40.5982,-124.1573,14.51,100,45,4.12,US,1749490481
88,vilyuchinsk,52.9306,158.4028,5.15,90,92,2.98,RU,1749490482
89,galveston,29.3669,-94.9669,32.24,76,21,7.38,US,1749490483
90,jieshi,22.8134,115.8257,27.61,79,100,1.4,CN,1749490484
91,basco,20.4487,121.9702,28.96,83,100,6.47,PH,1749490485
92,la palma,33.8464,-118.0467,18.85,80,100,2.57,US,1749490486
93,houma,29.5958,-90.7195,30.0,70,75,4.12,US,1749490487
94,avarua,-21.2078,-159.775,24.03,78,75,2.06,CK,1749490490
95,hickory,35.7332,-81.3412,29.55,60,40,5.14,US,1749490229
96,pali,25.7667,73.3333,33.62,36,0,8.17,IN,1749490492
97,comodoro rivadavia,-45.8667,-67.5,10.92,62,0,3.09,AR,1749490208
98,kovalam,8.3667,76.9967,28.05,89,40,3.09,IN,1749490494
99,dhidhdhoo,6.8833,73.1,28.65,78,88,7.86,MV,1749490495
100,laayoune,27.1622,-13.2032,27.19,44,100,7.72,EH,1749490390
101,gorontalo,0.5412,123.0595,23.75,98,84,1.02,ID,1749490499
102,keflavik,64.0049,-22.5624,9.24,66,20,8.23,IS,1749490500
103,puerto ayora,-0.7393,-90.3518,25.86,85,66,3.13,EC,1749490501
104,fuglafjordur,62.244,-6.814,10.61,75,100,5.98,FO,1749490502
105,loreto,22.2667,-101.9667,27.23,40,43,1.84,MX,1749490503
106,georgetown,5.4112,100.3354,27.96,92,40,3.13,MY,1749490505
107,at taj,24.2049,23.2857,31.39,13,0,4.26,LY,1749490506
108,nova vicosa,-17.8919,-39.3719,28.54,57,15,2.83,BR,1749490507
109,jinghong,21.991,100.7341,22.7,99,100,0.32,CN,1749490508
110,yamada,39.4667,141.95,15.73,84,100,3.27,JP,1749490509
111,aldan,58.6031,125.3894,6.85,65,21,1.54,RU,1749490510
112,cranbrook,49.4999,-115.7688,25.91,29,0,2.57,CA,1749490511
113,tijuana,32.5333,-117.0167,18.94,84,100,2.06,MX,1749490491
114,st. john's,47.5649,-52.7093,17.93,52,75,3.6,CA,1749490452
115,ratangarh,28.0833,74.6,37.0,13,0,7.15,IN,1749490515
116,utrik,11.2278,169.8474,27.68,81,92,6.98,MH,1749490516
117,constantia,44.1833,28.65,26.5,59,13,2.92,RO,1749490301
118,hauterive,46.0901,3.4459,22.97,47,0,2.16,FR,1749490518
119,papatowai,-46.5619,169.4708,6.0,86,85,2.51,NZ,1749490519
120,udachny,66.4167,112.4,17.22,40,5,2.68,RU,1749490520
121,seaside,36.6111,-121.8516,15.09,92,100,4.12,US,1749490522
122,ocean city,39.2776,-74.5746,23.1,83,100,3.2,US,1749490523
123,tralee,52.2704,-9.7026,15.14,94,100,7.72,IE,1749490524
124,al burayqah,30.4062,19.5739,23.73,74,0,5.93,LY,1749490525
125,ust-nera,64.5667,143.2,9.77,70,99,2.58,RU,1749490526
126,sambava,-14.2667,50.1667,21.08,78,5,1.59,MG,1749490527
127,mareeba,-17.0,145.4333,14.64,96,34,1.04,AU,1749490528
128,minas de marcona,-15.2119,-75.1103,17.77,60,69,6.1,PE,1749490453
129,hermanus,-34.4187,19.2345,12.67,84,71,1.62,ZA,1749490531
130,sombrerete,23.6333,-103.65,26.01,30,32,1.68,MX,1749490238
131,korsakov,46.6328,142.7813,10.91,100,99,2.23,RU,1749490534
132,jamestown,42.097,-79.2353,18.9,96,100,4.63,US,1749490535
133,koundara,12.4833,-13.3,36.72,36,33,5.09,GN,1749490536
134,boston,42.3584,-71.0598,16.88,91,79,4.4,US,1749490505
135,coahuayana de hidalgo,18.7,-103.6583,32.64,55,100,3.23,MX,1749490538
136,codrington,-38.2667,141.9667,8.18,90,76,1.79,AU,1749490539
137,tabalah,19.95,42.4,34.58,25,55,3.8,SA,1749490541
138,badger,64.8,-147.5333,10.0,56,75,0.45,US,1749490542
139,port alfred,-33.5906,26.891,13.99,98,100,1.34,ZA,1749490543
140,moose jaw,50.4001,-105.5344,24.15,21,20,3.6,CA,1749490538
141,karratha,-20.7377,116.8463,18.98,34,0,4.2,AU,1749490545
142,zaragoza,41.6561,-0.8773,34.33,19,0,0.51,ES,1749490482
143,papao,-17.75,-149.55,26.82,77,1,3.63,PF,1749490547
144,ad dabbah,18.05,30.95,36.48,10,6,3.79,SD,1749490548
145,kargil,34.5667,76.1,11.88,43,4,3.43,IN,1749490549
146,new norfolk,-42.7826,147.0587,8.84,95,73,1.27,AU,1749490551
147,sibay,52.7181,58.6658,18.63,54,27,1.06,RU,1749490303
148,skiathos,39.1623,23.4909,27.76,65,0,2.57,GR,1749490553
149,margaret river,-33.95,115.0667,16.78,63,79,7.8,AU,1749490554
150,kapuskasing,49.4169,-82.4331,18.0,72,100,4.12,CA,1749490555
151,tiznit,29.5833,-9.5,23.89,62,39,2.75,MA,1749490556
152,thurso,58.5927,-3.5259,11.14,88,100,2.28,GB,1749490557
153,mount isa,-20.7333,139.5,8.87,76,0,0.0,AU,1749490558
154,waddan,29.1614,16.139,34.09,14,0,4.83,LY,1749490560
155,pangani,-5.4333,38.9667,22.5,91,29,1.92,TZ,1749490561
156,conceicao da barra,-18.5933,-39.7322,27.87,58,5,3.05,BR,1749490562
157,essaouira,31.5125,-9.77,22.72,78,75,3.6,MA,1749490563
158,san jose del cabo,23.0589,-109.6977,29.16,72,77,1.34,MX,1749490564
159,petropavlovsk-kamchatsky,53.0452,158.6483,5.33,100,40,1.0,RU,1749490565
160,la libertad,-2.2333,-80.9,23.81,78,75,4.12,EC,1749490567
161,la foa,-21.7108,165.8276,20.38,78,86,2.98,NC,1749490568
162,port saint john's,-31.6229,29.5448,13.97,86,94,3.51,ZA,1749490570
163,touros,-5.1989,-35.4608,28.83,66,67,5.37,BR,1749490571
164,qaqortoq,60.7167,-46.0333,5.37,60,100,5.22,GL,1749490572
165,tura,25.5198,90.2201,26.09,70,0,1.76,IN,1749490573
166,pisco,-13.7,-76.2167,20.03,68,40,3.6,PE,1749490574
167,hawaiian paradise park,19.5933,-154.9731,22.73,98,75,2.57,US,1749490575
168,wailua homesteads,22.0669,-159.378,23.44,95,100,6.69,US,1749490577
169,bodaybo,57.8506,114.1933,10.96,72,11,1.15,RU,1749490578
170,oamaru,-45.0784,170.9801,4.71,77,90,1.68,NZ,1749490579
171,west hattiesburg,31.3191,-89.3751,31.81,73,75,5.14,US,1749490580
172,kudahuvadhoo,2.6708,72.8944,28.73,76,73,6.67,MV,1749490581
173,phan rang-thap cham,11.5667,108.9833,26.21,82,100,0.91,VN,1749490582
174,olonkinbyen,70.9221,-8.7187,-0.72,74,45,7.85,SJ,1749490583
175,praia da vitoria,38.7333,-27.0667,22.14,64,75,3.6,PT,1749490584
176,antsiranana,-12.2787,49.2917,24.05,68,3,7.57,MG,1749490585
177,weno,7.4515,151.8468,26.97,89,100,2.57,FM,1749490586
178,navoiy,40.0844,65.3792,23.71,38,10,2.06,UZ,1749490588
179,escarcega,18.6089,-90.7454,37.51,29,51,3.08,MX,1749490589
180,nova sintra,14.8667,-24.7167,22.51,85,4,13.25,CV,1749490590
181,sidhi,24.4167,81.8833,35.76,21,6,2.83,IN,1749490591
182,isafjordur,66.0755,-23.124,9.02,57,75,5.14,IS,1749490592
183,nouadhibou,20.931,-17.0347,24.99,61,2,9.26,MR,1749490593
184,lihue,21.9789,-159.3672,23.77,83,100,6.69,US,1749490594
185,manaure,11.7751,-72.4445,32.79,52,95,9.58,CO,1749490595
186,road town,18.4167,-64.6167,30.02,70,75,7.72,VG,1749490539
187,perry,37.2506,-83.1999,26.07,54,99,3.42,US,1749490597
188,vikulovo,56.8167,70.6107,14.44,87,11,3.45,RU,1749490598
189,bayganin,48.6947,55.8742,23.03,26,32,2.37,KZ,1749490600
190,gaspe,48.8334,-64.4819,21.12,46,0,4.63,CA,1749490601
191,la'ie,21.6477,-157.9253,24.5,85,29,3.13,US,1749490602
192,alofi,-19.0595,-169.9187,16.94,94,97,2.57,NU,1749490603
193,point pedro,9.8167,80.2333,27.8,84,100,6.88,LK,1749490605
194,bahawalnagar,30.5508,73.3908,39.95,10,1,5.98,PK,1749490606
195,san agustin de valle fertil,-30.6335,-67.4682,15.23,47,28,4.28,AR,1749490607
196,mbalmayo,3.5167,11.5,28.18,92,80,0.99,CM,1749490608
197,palmer,42.1584,-72.3287,22.51,68,75,3.6,US,1749490609
198,nantucket,41.2835,-70.0995,14.06,94,100,5.66,US,1749490610
199,conde,-7.2597,-34.9075,27.7,78,75,2.06,BR,1749490611
200,pacific grove,36.6177,-121.9166,14.82,92,100,4.12,US,1749490613
201,afaahiti,-17.75,-149.2833,25.77,74,20,1.28,PF,1749490614
202,klyuchi,52.2667,79.1667,14.48,73,5,0.99,RU,1749490615
203,ambilobe,-13.2,49.05,23.86,62,0,5.9,MG,1749490616
204,kizel,59.0471,57.6477,18.46,78,75,2.3,RU,1749490618
205,san luis,-33.295,-66.3356,16.4,44,15,4.7,AR,1749490619
206,colonia,50.9333,6.95,20.53,59,0,1.54,DE,1749490602
207,buka,40.8108,69.1986,22.36,47,43,2.45,UZ,1749490621
208,portland,45.5234,-122.6762,30.09,48,0,0.89,US,1749490622
209,vorgashor,67.5833,63.95,11.88,99,100,4.17,RU,1749490623
210,college,64.8569,-147.8028,10.09,56,75,0.45,US,1749490624
211,kill devil hills,36.0307,-75.676,28.01,77,0,4.12,US,1749490625
212,wangkui,46.8333,126.5,14.42,72,100,2.69,CN,1749490627
213,sibolga,1.7427,98.7792,24.5,90,100,0.61,ID,1749490628
214,barra do garcas,-15.89,-52.2567,29.32,61,75,1.03,BR,1749490629
215,zelenoborskiy,66.845,32.3622,12.99,76,55,0.63,RU,1749490630
216,den burg,53.0542,4.7972,14.99,82,100,7.2,NL,1749490632
217,twon-brass,4.3151,6.2418,26.65,82,100,2.21,NG,1749490634
218,dalandzadgad,43.5708,104.425,19.2,28,21,10.79,MN,1749490635
219,kingscliff,-28.2667,153.5667,8.86,93,0,3.6,AU,1749490636
220,cabo san lucas,22.8909,-109.9124,29.17,57,0,4.12,MX,1749490637
221,montrose,38.4166,-108.2673,20.05,25,5,2.86,US,1749490638
222,ancud,-41.8697,-73.8203,10.62,71,67,3.0,CL,1749490641
223,monki,53.405,22.7979,12.82,77,56,5.74,PL,1749490642
224,northam,51.0333,-4.2167,16.73,77,91,6.37,GB,1749490643
225,kerikeri,-35.2268,173.9474,12.38,97,60,0.41,NZ,1749490581
226,susuman,62.7833,148.1667,5.12,67,95,0.3,RU,1749490645
227,vilhena,-12.7406,-60.1458,29.12,58,40,2.06,BR,1749490646
228,ryotsu-minato,38.0833,138.4333,18.88,65,100,1.21,JP,1749490370
229,fuerte olimpo,-21.0415,-57.8738,24.81,27,74,3.46,PY,1749490648
230,kodiak,57.79,-152.4072,8.73,49,100,4.12,US,1749490649
231,paoua,7.2427,16.4406,24.6,59,94,0.42,CF,1749490651
232,arraial do cabo,-22.9661,-42.0278,21.98,78,75,6.17,BR,1749490354
233,whitehorse,60.7161,-135.0538,11.17,57,75,3.09,CA,1749490654
234,the pas,53.8251,-101.2541,10.01,76,100,1.54,CA,1749490655
235,quiberon,47.4841,-3.1196,20.06,68,5,5.14,FR,1749490656
236,broken hill,-31.95,141.4333,6.39,82,18,3.79,AU,1749490657
237,axim,4.8699,-2.2405,26.55,81,100,2.48,GH,1749490658
238,inari,68.906,27.0288,9.35,65,100,1.82,FI,1749490660
239,maxixe,-23.8597,35.3472,24.9,94,20,6.17,MZ,1749490661
240,goulburn,-34.75,149.7167,5.44,92,49,2.24,AU,1749490480
241,altamira,-3.2033,-52.2064,30.05,70,75,2.57,BR,1749490663
242,dokkum,53.3222,5.997,17.78,70,75,5.66,NL,1749490664
243,beau vallon,-20.4189,57.6953,23.13,78,75,6.17,MU,1749490665
244,bamyan,34.75,67.25,10.46,72,31,3.12,AF,1749490666
245,rtishchevo,52.2604,43.7874,23.73,73,60,4.24,RU,1749490467
246,kita,13.0349,-9.4895,38.06,23,49,3.57,ML,1749490668
247,mount pearl,47.5166,-52.7813,17.47,53,75,3.6,CA,1749490669
248,crane,31.3974,-102.3501,27.74,55,47,5.24,US,1749490671
249,hobyo,5.3505,48.5268,26.69,82,9,11.31,SO,1749490672
250,tangalle,6.024,80.7911,25.89,89,78,4.86,LK,1749490673
251,as salt,32.0392,35.7272,26.6,45,0,2.08,JO,1749490674
252,yeed,4.55,43.0333,29.74,49,68,8.99,SO,1749490675
253,waingapu,-9.6567,120.2641,23.7,83,60,4.18,ID,1749490676
254,kibaya,-5.3,36.5667,14.62,95,83,2.57,TZ,1749490678
255,howard springs,-12.497,131.047,21.04,59,90,2.99,AU,1749490679
256,fort mcmurray,56.7268,-111.381,19.77,48,0,5.66,CA,1749490681
257,adrar,20.5022,-10.0711,41.72,8,1,4.63,MR,1749490682
258,altar,30.7,-111.8167,36.37,5,0,2.97,MX,1749490683
259,illizi,26.4833,8.4667,37.13,15,8,4.13,DZ,1749490684
260,stephenville,32.2207,-98.2023,28.07,58,0,6.69,US,1749490685
261,cooma,-36.2333,149.1333,2.65,88,100,5.19,AU,1749490686
262,saint-pierre,-21.3393,55.4781,20.82,68,0,2.57,RE,1749490687
263,botshabelo,-29.2702,26.7052,2.23,91,79,3.55,ZA,1749490688
264,novyy urengoy,66.0833,76.6333,14.78,86,45,3.08,RU,1749490689
265,nyurba,63.2842,118.3319,11.75,68,0,1.54,RU,1749490690
266,hasaki,35.7333,140.8333,19.55,95,100,1.69,JP,1749490691
267,uturoa,-16.7333,-151.4333,26.65,74,2,2.03,PF,1749490693
268,sinan,34.8262,126.1086,17.88,91,59,1.61,KR,1749490694
269,yuzhno-kurilsk,44.0306,145.8556,10.9,88,0,3.5,RU,1749490695
270,kailua-kona,19.6406,-155.9956,23.64,95,37,0.45,US,1749490696
271,lashio,22.9333,97.75,20.25,96,100,0.39,MM,1749490697
272,guerrero negro,27.9769,-114.0611,20.39,68,77,8.41,MX,1749490698
273,lakatoro,-16.0999,167.4164,23.99,85,100,2.97,VU,1749490699
274,bage,-31.3314,-54.1069,10.88,66,75,3.09,BR,1749490700
275,joal-fadiout,14.1667,-16.8333,26.82,66,45,9.96,SN,1749490702
276,sao tome,0.3365,6.7273,28.02,74,40,8.23,ST,1749490704
277,cartagena del chaira,1.3349,-74.8429,25.63,68,81,0.45,CO,1749490705
278,kijang,35.2442,129.2139,18.85,94,97,2.24,KR,1749490706
279,anadyr,64.75,177.4833,4.28,93,75,5.0,RU,1749490598
280,navia,43.5354,-6.7194,21.45,80,50,2.63,ES,1749490708
281,salacgriva,57.7536,24.3581,11.22,89,100,10.78,LV,1749490709
282,belmonte,-15.8631,-38.8828,26.62,64,80,4.32,BR,1749490711
283,puerto armuelles,8.2833,-82.8667,26.16,87,100,1.79,PA,1749490712
284,sargatskoye,55.6101,73.4972,14.18,82,7,1.41,RU,1749490713
285,longyearbyen,78.2186,15.6401,5.91,65,20,5.66,SJ,1749490561
286,alice springs,-23.7,133.8833,4.75,93,20,2.06,AU,1749490715
287,moussoro,13.6408,16.4901,38.49,9,8,2.45,TD,1749490717
288,rio grande,-32.035,-52.0986,14.3,58,24,4.63,BR,1749490718
289,kununurra,-15.7667,128.7333,18.99,39,4,3.6,AU,1749490719
290,moyale,3.5167,39.0584,22.17,65,30,3.36,KE,1749490721
291,bikenibeu village,1.3673,173.1241,26.98,89,75,2.57,KI,1749490722
292,jeddah,21.5169,39.2192,32.92,46,0,5.66,SA,1749490723
293,manohar thana,24.24,76.8018,36.82,16,2,2.95,IN,1749490724
294,quatre cocos,-20.2078,57.7625,23.94,66,59,11.07,MU,1749490725
295,beira,-19.8436,34.8389,25.05,73,0,4.12,MZ,1749490726
296,porto murtinho,-21.6989,-57.8825,22.87,34,11,3.82,BR,1749490727
297,reyes,-14.3167,-67.3833,20.09,94,100,3.09,BO,1749490728
298,walvis bay,-22.9575,14.5053,17.0,44,81,10.18,NA,1749490729
299,monrovia,6.3005,-10.7969,27.47,77,98,2.76,LR,1749490658
300,laascaanood,8.4774,47.3597,30.72,36,71,10.58,SO,1749490732
301,el granada,37.5027,-122.4694,20.24,78,75,5.66,US,1749490733
302,nishinoomote,30.7333,131.0,25.35,89,97,6.35,JP,1749490734
303,ketchikan,55.3422,-131.6461,11.3,74,75,2.24,US,1749490735
304,kalmunai,7.4167,81.8167,27.89,72,100,2.61,LK,1749490736
305,inhambane,-23.865,35.3833,24.99,94,20,6.17,MZ,1749490737
306,ghat,24.9647,10.1728,30.71,28,46,4.61,LY,1749490738
307,arkhangel'sk,64.5401,40.5433,16.06,72,40,3.0,RU,1749490588
308,sisimiut,66.9395,-53.6735,7.45,54,3,4.12,GL,1749490742
309,padang,-0.9492,100.3543,25.04,87,51,1.71,ID,1749490743
310,island harbour,50.724,-1.2758,18.04,72,80,1.34,GB,1749490744
311,mirny,62.5353,113.9611,12.54,53,0,1.51,RU,1749490745
312,bodo,67.28,14.405,11.36,87,75,4.63,NO,1749490486
313,palikir - national government center,6.9248,158.1611,25.41,89,20,1.54,FM,1749490747
314,nagqu,31.5,92.0,4.42,32,49,1.29,CN,1749490748
315,soeng sang,14.4264,102.4606,27.71,92,22,3.36,TH,1749490749
316,carnarvon,-24.8667,113.6333,21.35,49,0,3.1,AU,1749490751
317,ngaoundere,7.3167,13.5833,21.17,85,97,0.95,CM,1749490753
318,bowen,-20.0167,148.2333,14.98,56,5,3.69,AU,1749490754
319,al ain city,24.1917,55.7606,36.79,23,31,4.12,AE,1749490755
320,geraldton,-28.7667,114.6,12.23,71,17,6.69,AU,1749490756
321,esenler,41.0435,28.8762,22.79,64,0,7.2,TR,1749490757
322,kruisfontein,-34.0033,24.7314,12.87,84,98,5.54,ZA,1749490758
323,bukama,-9.2,25.85,25.87,43,14,1.21,CD,1749490759
324,panjab,34.388,67.0233,11.23,32,68,0.92,AF,1749490760
325,flin flon,54.7682,-101.865,19.91,34,9,0.86,CA,1749490761
326,petatlan,17.5167,-101.2667,31.89,58,100,3.19,MX,1749490764
327,alesund,62.4723,6.1549,12.96,71,40,4.63,NO,1749490765
328,atbasar,51.8,68.3333,15.44,64,0,3.69,KZ,1749490767
329,kristiansund,63.1115,7.732,10.36,62,40,5.66,NO,1749490768
330,goundam,16.4145,-3.6708,42.39,12,12,2.42,ML,1749490769
331,oranjemund,-28.55,16.4333,13.0,85,0,5.85,NA,1749490770
332,sandwich,41.6459,-88.6217,21.81,59,75,7.72,US,1749490771
333,ganye,8.4333,12.0667,25.25,75,88,2.84,NG,1749490772
334,hithadhoo,-0.6,73.0833,28.94,73,97,6.71,MV,1749490774
335,ulaangom,49.9811,92.0667,18.53,57,90,3.96,MN,1749490775
336,sitangkai,4.6628,119.3928,28.29,78,77,3.22,PH,1749490776
337,oqtosh,39.9214,65.9253,24.68,36,3,6.21,UZ,1749490777
338,neryungri,56.6709,124.6491,7.53,63,10,1.22,RU,1749490778
339,kendari,-3.945,122.4989,23.13,96,83,1.7,ID,1749490779
340,ishikawa,26.4233,127.8214,28.35,89,40,4.12,JP,1749490780
341,egilsstadir,65.2653,-14.3948,6.95,65,40,5.66,IS,1749490781
342,lata,40.1629,-8.3327,32.49,36,74,3.3,PT,1749490782
343,fort bragg,35.139,-79.006,31.06,53,75,5.66,US,1749490784
344,moroto,2.5345,34.6666,20.31,71,5,2.7,UG,1749490785
345,nizhneangarsk,55.7833,109.55,11.49,36,100,1.73,RU,1749490786
346,vallenar,-28.5708,-70.7581,28.07,7,99,1.61,CL,1749490787
347,amos,48.5669,-78.1162,14.96,97,100,1.94,CA,1749490788
348,amga,60.8953,131.9608,11.19,75,69,1.41,RU,1749490789
349,rexburg,43.826,-111.7897,23.23,38,0,2.06,US,1749490790
350,pendleton,45.6721,-118.7886,32.8,30,0,2.06,US,1749490791
351,lazaro cardenas,17.9583,-102.2,31.49,58,100,3.47,MX,1749490792
352,kangding,30.0513,101.9603,11.49,96,100,1.18,CN,1749490794
353,aasiaat,68.7098,-52.8699,2.73,73,15,4.49,GL,1749490597
354,igarka,67.4667,86.5833,9.58,91,100,2.15,RU,1749490798
355,swift current,50.2834,-107.8014,25.45,23,0,6.69,CA,1749490799
356,la sarre,48.8002,-79.1996,15.89,91,100,3.79,CA,1749490800
357,tezu,27.9167,96.1667,24.27,87,0,2.14,IN,1749490801
358,akom ii,2.7833,10.5667,22.06,97,90,0.59,CM,1749490802
359,luanda,-8.8368,13.2343,23.12,89,31,7.06,AO,1749490596
360,santana,-0.0583,-51.1817,31.1,70,20,4.63,BR,1749490804
361,puerto cabezas,14.0351,-83.3888,29.98,79,75,5.14,NI,1749490805
362,kone,-21.0595,164.8658,19.5,78,92,2.5,NC,1749490807
363,namsos,64.4662,11.4957,9.95,62,75,3.09,NO,1749490808
364,galle,6.0367,80.217,26.58,86,85,5.81,LK,1749490809
365,ayame,5.6083,-3.1563,25.48,91,100,2.24,CI,1749490810
366,yaren,-0.5472,166.916,27.67,74,12,3.32,NR,1749490812
367,cabedelo,-6.9811,-34.8339,28.37,73,69,4.39,BR,1749490813
368,ciudad bolivar,8.1222,-63.5497,32.41,46,96,3.25,VE,1749490814
369,mili,6.0815,171.735,27.56,82,100,7.58,MH,1749490815
370,pudozh,61.8099,36.5345,15.54,91,89,5.3,RU,1749490816
371,george town,5.4112,100.3354,26.64,94,40,3.13,MY,1749490817
372,darnah,32.767,22.6367,25.44,56,0,7.08,LY,1749490820
373,hampton bays,40.869,-72.5176,17.7,94,100,11.18,US,1749490821
374,berezovo,63.9381,65.0419,18.65,83,27,3.17,RU,1749490822
375,port lincoln,-34.7333,135.8667,12.62,64,58,4.38,AU,1749490823
376,quellon,-43.1167,-73.6167,12.01,65,85,2.27,CL,1749490824
377,fada n'gourma,12.0622,0.3578,36.77,27,25,2.52,BF,1749490825
378,yerofey pavlovich,53.9667,121.9667,11.84,66,80,1.24,RU,1749490827
379,pajapan,18.25,-94.7,31.09,57,67,2.3,MX,1749490829
380,qarqaraly,49.4058,75.4742,12.65,79,2,5.98,KZ,1749490831
381,port augusta,-32.5,137.7667,6.94,89,11,1.44,AU,1749490832
382,lethem,3.3803,-59.7968,24.11,92,99,2.18,GY,1749490833
383,arcachon,44.5875,-1.0519,26.03,47,0,3.6,FR,1749490834
384,joroinen,62.1782,27.8317,14.49,55,100,2.69,FI,1749490835
385,kolonia,50.9333,6.95,20.53,59,0,1.54,DE,1749490539
386,chinde,26.8212,87.7095,27.3,62,0,2.52,NP,1749490838
387,mandan,46.8267,-100.8896,17.67,69,0,7.72,US,1749490839
388,christchurch,-43.5333,172.6333,6.08,91,75,1.03,NZ,1749490840
389,qarauyl,48.9451,79.255,16.17,78,91,5.14,KZ,1749490841
390,mejit,10.2753,170.8646,27.72,81,94,7.63,MH,1749490842
391,benguela,-12.5763,13.4055,22.54,80,8,2.75,AO,1749490843
392,smithers,54.7804,-127.1743,13.18,41,20,5.14,CA,1749490845
393,tutoia,-2.7619,-42.2744,28.59,74,27,5.68,BR,1749490846
394,chernyshevskiy,63.0128,112.4714,12.44,57,0,1.56,RU,1749490762
395,maues,-3.3836,-57.7186,31.38,58,79,1.15,BR,1749490848
396,solvang,34.5958,-120.1377,16.29,82,100,2.57,US,1749490849
397,lohaghat,29.4036,80.0897,22.06,45,38,0.76,IN,1749490850
398,ambovombe,-25.1667,46.0833,22.39,66,0,2.65,MG,1749490851
399,pandan,14.0453,124.1694,27.61,83,100,5.37,PH,1749490853
400,nuuk,64.1835,-51.7216,10.34,62,75,4.12,GL,1749490854
401,chadan,51.2833,91.5833,13.82,86,100,0.95,RU,1749490855
402,sittwe,20.15,92.9,28.48,81,99,1.73,MM,1749490856
403,kankara,11.9302,7.4127,29.03,51,89,4.04,NG,1749490857
404,okulovka,58.4008,33.2908,13.33,83,6,6.15,RU,1749490858
405,bossangoa,6.4926,17.4552,26.77,56,68,1.47,CF,1749490859
406,vadso,70.0744,29.7487,9.09,71,75,5.66,NO,1749490860
407,addis ababa,9.025,38.7469,20.49,35,40,2.57,ET,1749490863
408,vernal,40.4555,-109.5287,25.84,22,0,3.09,US,1749490864
409,bairnsdale,-37.8333,147.6167,8.92,97,89,3.65,AU,1749490865
410,san luis de la loma,17.2706,-100.8939,31.58,62,100,4.14,MX,1749490866
411,north port,27.0442,-82.2359,33.33,77,28,5.89,US,1749490867
412,paulden,34.8856,-112.4682,34.25,17,0,1.34,US,1749490868
413,balkanabat,39.5108,54.3671,24.44,41,11,3.6,TM,1749490869
414,fort st. john,56.2499,-120.8529,15.94,27,75,6.17,CA,1749490870
415,kuqa,41.7278,82.9364,28.99,14,38,1.77,CN,1749490871
416,el sauzal de rodriguez,31.9,-116.6833,16.9,100,11,4.79,MX,1749490872
417,rampur,28.8167,79.0333,36.79,18,0,2.31,IN,1749490874
418,kiunga,-6.1219,141.2906,22.63,99,91,1.37,PG,1749490875
419,verkhnevilyuysk,63.4453,120.3167,11.04,59,3,1.81,RU,1749490747
420,shihezi,44.3,86.0333,25.55,44,55,2.03,CN,1749490877
421,east london,-33.0153,27.9116,15.52,88,100,9.26,ZA,1749490879
422,talakan,50.3167,130.3667,10.04,93,11,0.69,RU,1749490790
423,salym,60.0625,71.4789,17.15,83,91,3.44,RU,1749490882
424,camiri,-20.05,-63.5167,17.88,63,75,0.0,BO,1749490883
425,saldanha,-33.0117,17.9442,13.81,70,0,6.16,ZA,1749490884
426,basni,27.1667,73.65,35.77,19,0,6.74,IN,1749490885
427,mata-utu,-13.2816,-176.1745,27.53,79,29,9.55,WF,1749490886
428,muana,-1.5283,-49.2167,28.95,80,86,1.86,BR,1749490887
429,dwarka,22.2394,68.9678,29.14,73,0,6.23,IN,1749490888
430,iskateley,67.6803,53.1512,12.92,90,97,5.35,RU,1749490889
431,korla,41.7597,86.1469,29.73,14,2,2.31,CN,1749490890
432,sao jose da coroa grande,-8.8978,-35.1478,26.72,78,60,3.12,BR,1749490891
433,qobustan,40.0824,49.412,22.87,65,14,1.7,AZ,1749490892
434,buedu,8.2803,-10.3719,27.48,76,94,0.15,SL,1749490894
435,tateyama,34.9833,139.8667,19.72,96,100,4.12,JP,1749490895
436,vitebsk,55.1905,30.2033,11.52,87,44,7.84,BY,1749490617
437,huron,41.1501,-82.5499,19.32,85,100,6.48,US,1749490897
438,luderitz,-26.6481,15.1594,14.63,59,48,9.25,NA,1749490898
439,port blair,11.6667,92.75,27.02,89,75,2.57,IN,1749490899
440,ak-dovurak,51.1833,90.6,13.27,87,95,1.36,RU,1749490900
441,fale old settlement,-9.3852,-171.2468,28.23,77,56,6.19,TK,1749490901
442,archangelos,36.2149,28.1149,24.06,54,0,1.32,GR,1749490903
443,shache,38.4167,77.2406,29.24,12,13,2.7,CN,1749490904
444,piton saint-leu,-21.2196,55.3151,19.06,73,0,3.6,RE,1749490905
445,cockburn town,21.4612,-71.1419,29.98,74,75,8.23,TC,1749490906
446,puerto santa,-8.9906,-78.6456,20.84,74,81,4.67,PE,1749490907
447,amarante,-6.2411,-42.8547,38.6,24,35,1.28,BR,1749490908
448,san julian,21.0167,-102.1667,25.64,41,82,3.6,MX,1749490909
449,progreso,21.2833,-89.6667,33.07,50,3,5.48,MX,1749490911
450,maridi,4.9158,29.4742,24.07,60,36,2.14,SS,1749490912
451,marsh harbour,26.5412,-77.0636,28.77,70,4,6.82,BS,1749490913
452,kurumkan,54.3,110.3,13.7,31,66,1.13,RU,1749490914
453,mariinsk,56.2139,87.7472,13.67,81,44,2.55,RU,1749490915
454,puerto colombia,10.9878,-74.9547,32.05,69,90,4.43,CO,1749490916
455,port-vila,-17.7338,168.3219,23.53,91,100,3.53,VU,1749490917
456,dolinsk,47.35,142.8,7.83,99,100,2.33,RU,1749490918
457,dolores,-36.3132,-57.6792,11.52,57,0,1.81,AR,1749490920
458,bafq,31.6128,55.4107,27.83,30,70,6.19,IR,1749490921
459,ghanzi,-21.5667,21.7833,8.19,32,0,3.99,BW,1749490922
460,tahlequah,35.9154,-94.97,28.12,36,2,0.0,US,1749490923
461,tiquipaya,-17.3382,-66.2189,22.4,18,75,1.54,BO,1749490924
462,rampura,30.25,75.2333,38.49,11,0,3.83,IN,1749490925
463,gandai,21.6667,81.1,35.87,22,35,1.55,IN,1749490926
464,podgornaya,44.2031,43.4297,23.47,55,1,1.43,RU,1749490927
465,henderson,36.0397,-114.9819,37.96,16,0,1.54,US,1749490929
466,mariehamn,60.0973,19.9348,15.92,55,0,2.06,AX,1749490930
467,sao joao da barra,-21.6403,-41.0511,23.05,77,96,5.39,BR,1749490931
468,rawson,-43.3002,-65.1023,12.16,50,0,4.63,AR,1749490932
469,kish,26.5578,54.0194,31.15,66,0,3.09,IR,1749490933
470,omuo-ekiti,7.7583,5.7223,24.58,84,93,2.75,NG,1749490934
471,kaiapoi,-43.3783,172.6401,6.16,92,75,1.03,NZ,1749490935
472,thinadhoo,0.5333,72.9333,28.71,75,30,6.55,MV,1749490936
473,saint-francois,46.4154,3.9054,22.69,47,0,1.54,FR,1749490937
474,queenstown,-31.8976,26.8753,6.15,90,100,2.52,ZA,1749490938
475,sandur,15.1,76.55,26.3,72,95,5.97,IN,1749490939
476,kuraymah,18.55,31.85,36.1,10,5,5.29,SD,1749490941
477,kankan,10.3854,-9.3057,25.03,83,81,4.34,GN,1749490942
478,ta`u,-14.2336,-169.5144,27.27,76,17,6.16,AS,1749490943
479,toliara,-23.35,43.6667,23.97,64,9,2.18,MG,1749490944
480,bhigvan,18.3167,74.7667,24.72,70,93,5.71,IN,1749490946
481,angaur state,6.906,134.13,25.45,90,100,2.66,PW,1749490947
482,freeport,40.6576,-73.5832,18.34,94,100,3.13,US,1749490948
483,saint john,45.2727,-66.0677,20.57,37,75,4.63,CA,1749490949
484,saint-pol-de-leon,48.6833,-3.9833,16.5,75,75,3.09,FR,1749490950
485,vila franca do campo,37.7167,-25.4333,21.23,99,52,1.68,PT,1749490951
486,parry sound,45.3501,-80.033,16.03,88,100,3.11,CA,1749490952
487,ballina,-28.8667,153.5667,10.9,68,0,6.31,AU,1749490953
488,freetown,8.484,-13.2299,27.61,76,100,2.86,SL,1749490925
489,undurkhaan,47.3194,110.6556,14.55,61,100,4.53,MN,1749490956
490,sile,41.1754,29.6133,19.84,84,0,3.54,TR,1749490957
491,polyarnyy,69.1989,33.4478,8.88,76,76,7.49,RU,1749490958
492,nizhniy kuranakh,58.8353,125.4869,9.18,69,9,1.51,RU,1749490959
493,yass,-34.8333,148.9167,3.93,92,29,2.74,AU,1749490960
494,nelson bay,-32.7167,152.15,12.83,73,85,7.15,AU,1749490961
495,bay city,43.5945,-83.8889,25.7,50,0,6.69,US,1749490962
496,vershino-darasunskiy,52.35,115.5167,8.46,65,33,1.39,RU,1749490963
497,benoy,8.9833,16.3199,31.27,35,63,1.54,TD,1749490964
498,kingston,17.997,-76.7936,31.2,66,75,10.29,JM,1749490966
499,bambanglipuro,-7.95,110.2833,27.77,82,88,2.35,ID,1749490967
500,tejen,37.3834,60.5054,26.18,29,1,3.32,TM,1749490968
501,labytnangi,66.6572,66.4183,14.75,94,86,2.93,RU,1749490969
502,morococha,-11.5997,-76.1411,7.83,41,77,2.99,PE,1749490970
503,novyy urgal,51.0736,132.5642,7.48,94,24,0.43,RU,1749490971
504,nadi,-17.8,177.4167,23.0,78,40,2.06,FJ,1749490972
505,lompoc,34.6391,-120.4579,15.94,82,100,4.12,US,1749490973
506,laghouat,33.8,2.8651,36.05,13,38,2.58,DZ,1749490974
507,rubio,7.7013,-72.3557,21.11,69,100,2.06,VE,1749490977
508,saint-philippe,-21.3585,55.7679,22.76,78,23,7.31,RE,1749490978
509,khandyga,62.6667,135.6,10.68,60,37,1.03,RU,1749490979
510,bethanie,-26.4833,17.15,7.08,51,1,3.27,NA,1749490980
511,rosarito,32.3333,-117.0333,17.51,80,22,5.32,MX,1749490981
512,tikapur,28.5,81.1333,33.4,30,0,2.79,NP,1749490982
513,tucuma,-0.1833,-50.05,28.79,72,17,4.27,BR,1749490983
514,kongsberg,59.6652,9.6465,17.76,37,60,3.09,NO,1749490976
515,ujae,8.9322,165.7642,28.17,77,74,6.83,MH,1749490986
516,howrah,22.5892,88.3103,30.0,84,20,2.06,IN,1749490987
517,lagoa,39.05,-27.9833,18.65,78,100,4.8,PT,1749490988
518,solnechnyy,50.7214,136.6319,7.64,84,4,2.0,RU,1749490989
519,gisborne,-38.6533,178.0042,7.51,86,38,2.64,NZ,1749490990
520,hayden,47.766,-116.7866,29.14,34,0,1.34,US,1749490991
521,antofagasta,-23.65,-70.4,18.6,73,92,2.57,CL,1749490992
522,cabras,39.93,8.5314,24.47,54,0,3.86,IT,1749490993
523,cradock,-32.1642,25.6192,7.43,87,100,6.85,ZA,1749490995
524,elmali,36.7358,29.9177,21.32,50,0,1.88,TR,1749490996
525,al hudaydah,14.7978,42.9545,29.69,54,10,2.01,YE,1749490997
526,tsetserleg,47.475,101.4542,12.23,62,96,1.26,MN,1749490998
527,yigo village,13.5361,144.8886,27.16,89,75,2.57,GU,1749490999
528,saudarkrokur,65.7461,-19.6394,6.18,64,15,4.39,IS,1749491000
529,bel ombre,-4.6167,55.4167,26.91,78,40,7.2,SC,1749491001
530,chapaev,50.2,51.1667,22.1,29,0,4.12,KZ,1749491002
531,huarmey,-10.0681,-78.1522,21.82,68,86,4.68,PE,1749491003
532,malanville,11.8685,3.3899,35.83,29,62,4.36,BJ,1749491005
533,porto novo,6.4965,2.6036,29.9,75,94,3.78,BJ,1749490776
534,prado,-17.3411,-39.2208,26.46,71,21,4.76,BR,1749491007
535,souillac,-20.5167,57.5167,23.21,78,75,6.17,MU,1749491008
536,zarghun shahr,32.8473,68.4457,20.82,20,8,4.88,AF,1749491009
537,hotan,37.0997,79.9269,28.27,9,0,3.86,CN,1749491010
538,gaurnadi,22.9667,90.2333,28.23,74,70,2.45,BD,1749491011
539,sassandra,4.95,-6.0833,25.78,89,85,2.71,CI,1749491013
540,el abiodh sidi cheikh,32.893,0.5484,34.72,14,99,0.32,DZ,1749491014
541,pokhara,28.2333,83.9833,26.21,58,75,1.21,NP,1749491015
542,tosontsengel,48.7567,98.2839,11.26,89,100,2.6,MN,1749491016
543,tsiombe,-25.3,45.4833,22.05,65,4,2.19,MG,1749491017
544,labrador city,52.9463,-66.9114,21.95,30,20,7.2,CA,1749491018
545,onguday,50.75,86.15,11.81,98,74,0.89,RU,1749491019
546,salinopolis,-0.6136,-47.3561,28.4,74,13,5.79,BR,1749491021
547,badiyah,22.45,58.8,27.7,68,16,2.08,OM,1749491022
548,mazatlan,23.2167,-106.4167,32.98,64,20,5.14,MX,1749491023
549,sumbawa besar,-8.5,117.4333,22.17,92,91,2.02,ID,1749491024
550,page,36.9147,-111.4558,30.62,20,9,1.79,US,1749491025
551,nikolayevsk-on-amure,53.1406,140.73,3.35,94,21,0.51,RU,1749491026
552,santa ines,-3.6667,-45.38,29.6,74,24,1.18,BR,1749491027
553,gaiman,-43.2897,-65.4929,12.11,28,70,1.24,AR,1749491028
554,rongelap,11.1635,166.8941,27.93,76,25,6.78,MH,1749491029
555,almus,40.3758,36.9044,19.14,77,0,0.72,TR,1749491030
556,nema,57.5067,50.5011,22.05,83,100,3.85,RU,1749491032
557,ampanihy,-24.7,44.75,22.9,52,12,1.69,MG,1749491033
558,wanning,18.8003,110.3967,26.73,89,50,1.1,CN,1749491034
559,ola,59.5833,151.2833,7.12,87,100,0.83,RU,1749491035
560,santa ana,33.7456,-117.8678,19.02,81,100,2.57,US,1749491036
561,vieste,41.8825,16.175,25.85,56,0,4.8,IT,1749491037
562,chone,-0.6833,-80.1,28.31,72,99,1.57,EC,1749491039
563,la union,-5.4,-80.75,28.08,48,28,4.18,PE,1749491040
564,olinda,-8.0089,-34.8553,27.85,74,75,1.03,BR,1749491041
565,puerto madero,14.7208,-92.4215,31.11,62,40,4.12,MX,1749491042
566,la rinconada,37.4873,-5.9826,32.85,51,41,1.34,ES,1749491044
567,maraial,-8.7825,-35.8089,26.73,73,91,2.01,BR,1749491045
568,patterson,37.4716,-121.1297,22.97,51,1,1.92,US,1749491046
569,bireun,5.203,96.7009,25.31,78,99,1.77,ID,1749491047
570,cadale,2.7603,46.3222,26.92,82,92,6.9,SO,1749491048
